,City,Cloudiness,Country,Date,Humidity,Lat,Lng,Max Temp,Wind Speed
0,Bengkulu,100,ID,1580354402,47,-3.8,102.27,84.54,5.46
1,George Town,20,MY,1580354131,66,5.41,100.34,86.0,6.93
2,Demba,100,CD,1580354404,98,-5.51,22.27,69.37,2.62
3,Banjar,75,ID,1580354405,84,-8.19,114.97,87.8,11.41
4,Tasiilaq,91,GL,1580354406,68,65.61,-37.64,28.4,31.09
5,Eureka,90,US,1580354245,87,40.8,-124.16,55.0,5.82
6,Vaini,75,TO,1580354409,79,-21.2,-175.2,86.0,5.82
7,Esmeraldas,100,BR,1580354262,94,-19.76,-44.31,73.4,2.24
8,Albany,1,US,1580354411,62,42.6,-73.97,25.0,11.41
9,Praia,0,CV,1580354412,64,14.92,-23.51,69.8,4.7
10,Port-Gentil,71,GA,1580354413,80,-0.72,8.78,82.71,9.75
11,Mar del Plata,5,AR,1580354414,87,-38.0,-57.56,61.0,4.7
12,Vila Velha,20,BR,1580354416,88,-20.33,-40.29,79.0,6.93
13,Atuona,0,PF,1580354417,77,-9.8,-139.03,80.92,14.61
14,Victor Harbor,0,AU,1580354418,4,-35.57,138.62,107.01,13.87
15,Tuatapere,34,NZ,1580354419,47,-46.13,167.68,67.71,10.8
16,Lokosovo,7,RU,1580354420,97,61.13,74.82,-23.6,5.91
17,Lebu,2,CL,1580354421,85,-37.62,-73.65,49.23,4.29
18,Iquique,0,CL,1580354422,60,-20.22,-70.14,75.2,10.29
19,Londoko,0,RU,1580354423,75,49.03,131.98,11.75,2.98
20,Bluff,100,NZ,1580354424,54,-46.6,168.33,66.42,8.99
21,Lakes Entrance,0,AU,1580354426,22,-37.88,147.98,102.0,10.0
22,Marang,20,MY,1580354427,78,5.21,103.21,82.4,3.36
23,Atambua,87,ID,1580354428,68,-9.11,124.89,84.7,7.05
24,Busselton,66,AU,1580354429,31,-33.65,115.33,75.99,15.28
25,Punta Arenas,20,CL,1580354430,71,-53.15,-70.92,51.8,32.21
26,Ushuaia,90,AR,1580354175,70,-54.8,-68.3,46.4,17.22
27,Pemangkat,94,ID,1580354433,81,1.17,108.97,81.75,9.95
28,Katsuura,20,JP,1580354434,48,35.13,140.3,61.0,12.75
29,Yiyang,0,CN,1580354435,55,28.59,112.33,51.46,3.98
30,Pangnirtung,100,CA,1580354436,74,66.15,-65.71,-16.58,1.79
31,Upernavik,78,GL,1580354437,92,72.79,-56.15,-14.1,4.7
32,East London,75,ZA,1580354438,100,-33.02,27.91,66.2,1.12
33,Hilo,90,US,1580354439,65,19.73,-155.09,78.8,13.87
34,Lata,75,PT,1580354441,87,40.16,-8.33,57.0,5.82
35,Yar-Sale,85,RU,1580354442,95,66.83,70.83,-16.2,10.76
36,Abrau-Dyurso,75,RU,1580354443,80,44.69,37.59,39.2,2.24
37,Sungairaya,10,ID,1580354444,67,0.7,108.9,85.87,7.07
38,Castro,100,BR,1580354445,98,-24.79,-50.01,66.25,2.39
39,Port Elizabeth,51,ZA,1580354446,82,-33.92,25.57,62.6,3.36
40,Pec,75,XK,1580354447,80,42.66,20.29,30.2,3.36
41,Saint George,1,US,1580354393,36,37.1,-113.58,48.2,14.99
42,Khanbari,69,NP,1580354450,71,27.37,87.2,34.81,1.66
43,Kahului,40,US,1580354274,54,20.89,-156.47,82.4,9.17
44,Loa Janan,99,ID,1580354452,61,-0.58,117.09,88.56,4.32
45,Vao,0,NC,1580354453,73,-22.67,167.48,77.07,14.52
46,Yulara,40,AU,1580354454,49,-25.24,130.99,89.6,13.87
47,Simao,0,CN,1580354455,53,22.79,100.97,60.64,2.06
48,Staryy Nadym,90,RU,1580354456,96,65.61,72.68,-14.71,12.44
49,New Norfolk,0,AU,1580354457,13,-42.78,147.06,95.0,13.87
50,Tobermory,100,CA,1580354458,87,45.25,-81.67,5.0,3.8
51,Mataura,70,NZ,1580354460,48,-46.19,168.86,68.61,21.65
52,Tomatlan,84,MX,1580354461,94,19.93,-105.25,64.99,1.28
53,Limbang,75,MY,1580354462,74,4.75,115.0,84.2,11.41
54,Ugoofaaru,66,MV,1580354463,72,5.67,73.0,80.85,11.86
55,Soyo,100,AO,1580354464,87,-6.13,12.37,79.07,1.36
56,Port Alfred,100,ZA,1580354465,88,-33.59,26.89,66.99,5.88
57,Bud,90,US,1580354466,74,39.45,-86.18,34.0,4.7
58,Barrow,1,US,1580354467,82,71.29,-156.79,-25.6,9.17
59,Hasaki,20,JP,1580354468,58,35.73,140.83,60.8,6.93
60,Semirom,34,IR,1580354469,98,31.42,51.57,12.67,3.33
61,Mahebourg,40,MU,1580354470,94,-20.41,57.7,73.99,4.7
62,Kapaa,75,US,1580354472,61,22.08,-159.32,78.8,10.29
63,Pevek,100,RU,1580354473,97,69.7,170.31,-18.47,6.91
64,Ambilobe,100,MG,1580354474,91,-13.2,49.05,76.84,5.06
65,Hofn,0,IS,1580354475,62,64.25,-15.21,37.29,5.73
66,Saint-Louis,0,SN,1580354477,15,16.33,-15.0,78.15,13.24
67,Prieska,0,ZA,1580354478,39,-29.66,22.75,67.5,6.85
68,Dikson,78,RU,1580354479,98,73.51,80.55,-17.27,7.02
69,Undory,90,RU,1580354480,92,54.61,48.39,19.4,11.18
70,Qaanaaq,100,GL,1580354482,95,77.48,-69.36,-19.32,1.34
71,Marrakesh,98,MA,1580354382,61,31.63,-8.01,46.4,4.7
72,Faya,5,SA,1580354484,93,18.39,42.45,50.0,2.98
73,Cienfuegos,8,CU,1580354485,78,22.15,-80.44,77.0,5.82
74,Pisco,100,PE,1580354486,88,-13.7,-76.22,73.4,11.41
75,Tilichiki,100,RU,1580354487,78,60.47,166.1,14.9,4.45
76,Khatanga,92,RU,1580354488,98,71.97,102.5,-15.86,2.62
77,Sai Buri,20,TH,1580354489,70,6.7,101.62,84.2,8.05
78,Bambous Virieux,40,MU,1580354490,94,-20.34,57.76,73.99,4.7
79,Brasilia de Minas,96,BR,1580354288,93,-16.21,-44.43,69.3,3.44
80,Kaitangata,100,NZ,1580354493,42,-46.28,169.85,70.0,11.01
81,Hobart,0,AU,1580354418,13,-42.88,147.33,95.0,18.34
82,Algiers,20,DZ,1580354403,93,36.75,3.04,44.6,3.36
83,Pasni,31,PK,1580354496,33,25.26,63.47,55.67,4.47
84,Isangel,75,VU,1580354497,78,-19.55,169.27,82.4,13.87
85,Cockburn Town,0,TC,1580354498,66,21.46,-71.14,77.59,3.89
86,Samarinda,99,ID,1580354499,61,-0.5,117.15,88.56,4.32
87,Ponta do Sol,20,PT,1580354500,72,32.67,-17.1,59.0,4.7
88,Ilulissat,18,GL,1580354502,64,69.22,-51.1,-2.2,4.7
89,Vila Franca do Campo,75,PT,1580354503,93,37.72,-25.43,62.6,12.75
90,Salalah,81,OM,1580354504,52,17.02,54.09,64.4,2.24
91,Grindavik,0,IS,1580354505,72,63.84,-22.43,32.0,16.11
92,Lompoc,1,US,1580354506,71,34.64,-120.46,57.99,5.82
93,Paka,40,MY,1580354507,78,4.64,103.44,82.4,3.36
94,Rikitea,100,PF,1580354508,72,-23.12,-134.97,79.39,6.96
95,Iqaluit,90,CA,1580354220,76,63.75,-68.51,-5.01,3.36
96,Ponta Delgada,75,PT,1580354510,93,37.73,-25.67,62.6,12.75
97,Airai,33,TL,1580354511,59,-8.93,125.41,83.88,3.33
98,Hithadhoo,67,MV,1580354466,78,-0.6,73.08,81.25,14.72
99,Ribeira Grande,100,PT,1580354514,91,38.52,-28.7,60.78,18.37
100,Laguna,1,US,1580354404,71,38.42,-121.42,59.0,5.23
101,Beni,94,CD,1580354516,70,0.5,29.47,68.56,3.38
102,Along,99,IN,1580354517,61,28.17,94.77,53.46,2.35
103,Chui,0,UY,1580354518,85,-33.7,-53.46,68.76,7.09
104,Kieta,99,PG,1580354519,65,-6.22,155.63,87.55,7.72
105,Fortuna,90,US,1580354520,81,40.6,-124.16,54.0,2.04
106,Darhan,84,MN,1580354521,91,49.49,105.92,8.15,2.44
107,Klaksvik,76,FO,1580354522,70,62.23,-6.59,33.8,2.24
108,Tungor,0,RU,1580354524,91,53.38,142.96,0.37,8.32
109,Yellowknife,90,CA,1580354525,92,62.46,-114.35,17.6,5.82
110,Great Yarmouth,73,GB,1580354526,81,52.61,1.73,46.4,16.11
111,Codrington,0,AU,1580354521,44,-38.27,141.97,76.53,8.48
112,Poum,0,NC,1580354528,77,-20.23,164.02,78.78,16.37
113,Manoel Urbano,66,BR,1580354529,97,-8.84,-69.26,71.13,1.48
114,Carballo,87,ES,1580354531,82,43.21,-8.69,59.0,24.16
115,Ukiah,1,US,1580354234,71,39.15,-123.21,55.0,4.68
116,Mersing,100,MY,1580354533,80,2.43,103.84,80.55,14.18
117,Kodiak,90,US,1580354534,79,57.79,-152.41,19.4,5.82
118,Luwuk,60,ID,1580354536,69,-0.95,122.79,84.45,3.11
119,Hualmay,98,PE,1580354537,78,-11.1,-77.61,71.24,3.89
120,Sheregesh,99,RU,1580354538,97,52.92,87.99,-4.18,3.56
121,Norman Wells,75,CA,1580354539,67,65.28,-126.83,-22.0,12.75
122,Puerto Ayora,52,EC,1580354540,25,-0.74,-90.35,77.0,1.01
123,Bambanglipuro,100,ID,1580354541,94,-7.95,110.28,75.6,9.22
124,Borjomi,89,GE,1580354542,65,41.85,43.41,30.24,6.89
125,Saint-Augustin,100,CA,1580354543,82,51.23,-58.65,11.01,15.9
126,Severo-Kuril'sk,100,RU,1580354544,85,50.68,156.12,23.07,1.36
127,Zhigansk,100,RU,1580354536,92,66.77,123.37,-11.02,11.1
128,Camrose,75,CA,1580354546,86,53.02,-112.84,32.0,6.93
129,Vardo,100,NO,1580354548,66,70.37,31.11,21.72,21.7
130,Puerto Penasco,0,MX,1580354456,34,31.32,-113.53,64.0,3.0
131,Kavaratti,40,IN,1580354550,69,10.57,72.64,82.4,4.7
132,Bera,48,BD,1580354551,60,24.08,89.62,70.77,6.44
133,Talnakh,75,RU,1580354509,75,69.49,88.4,-16.6,6.71
134,Cape Town,20,ZA,1580354337,68,-33.93,18.42,66.0,16.11
135,Souillac,40,MU,1580354554,94,-20.52,57.52,73.99,4.7
136,Dongobesh,100,TZ,1580354555,99,-4.07,35.38,56.89,0.81
137,Kendari,74,ID,1580354556,71,-3.94,122.5,86.41,5.01
138,Ahipara,0,NZ,1580354545,64,-35.17,173.17,86.0,1.99
139,Nuuk,0,GL,1580354559,71,64.18,-51.72,6.8,8.05
140,San Policarpo,100,PH,1580354560,72,12.18,125.51,81.32,6.53
141,Panguipulli,35,CL,1580354561,87,-39.63,-72.33,48.99,3.36
142,Touros,20,BR,1580354321,78,-5.2,-35.46,80.6,4.7
143,Agia Galini,40,GR,1580354563,87,35.1,24.68,60.01,3.36
144,Tuktoyaktuk,90,CA,1580354564,75,69.45,-133.04,-20.2,14.99
145,Hobyo,95,SO,1580354565,76,5.35,48.53,72.3,13.53
146,Coolum Beach,0,AU,1580354568,66,-26.53,153.1,91.99,1.99
147,Hirara,40,JP,1580354569,51,24.8,125.28,62.6,14.99
148,Srednekolymsk,51,RU,1580354570,80,67.45,153.68,-22.47,6.35
149,Bredasdorp,100,ZA,1580354502,72,-34.53,20.04,64.4,13.78
150,Veraval,0,IN,1580354573,40,20.9,70.37,60.19,10.98
151,Cherskiy,98,RU,1580354522,96,68.75,161.3,-24.88,7.52
152,Chokurdakh,100,RU,1580354575,97,70.63,147.92,-14.89,8.72
153,Novonikolayevskiy,100,RU,1580354576,97,50.97,42.36,36.0,4.0
154,Butaritari,60,KI,1580354577,73,3.07,172.79,84.92,8.16
155,Puerto Leguizamo,0,CO,1580354578,65,-0.19,-74.78,78.85,1.16
156,Karacabey,75,TR,1580354580,100,40.22,28.4,50.0,13.87
157,Pandamatenga,87,BW,1580354581,84,-18.53,25.63,66.7,4.54
158,Ancud,98,CL,1580354515,87,-41.87,-73.82,44.6,4.7
159,Siocon,100,PH,1580354583,79,7.71,122.14,81.39,11.01
160,Avarua,6,CK,1580354584,70,-21.21,-159.78,84.2,6.93
161,Ust-Tsilma,57,RU,1580354585,96,65.44,52.15,-14.55,4.41
162,Tiksi,100,RU,1580354586,94,71.69,128.87,-14.58,2.82
163,Luderitz,0,NA,1580354587,91,-26.65,15.16,63.7,20.78
164,Bundaberg,40,AU,1580354588,52,-24.85,152.35,91.0,13.87
165,Champerico,0,GT,1580354589,79,14.3,-91.92,75.24,2.33
166,Bubaque,100,GW,1580354591,73,11.28,-15.83,77.16,10.07
167,Normandin,5,CA,1580354592,65,48.83,-72.53,6.8,13.87
168,Sambava,100,MG,1580354593,82,-14.27,50.17,74.79,1.77
169,Esperance,75,AU,1580354594,60,-33.87,121.9,75.2,9.17
170,Longyearbyen,20,SJ,1580354595,67,78.22,15.64,21.2,10.29
171,Jamestown,1,US,1580354557,92,42.1,-79.24,21.0,6.93
172,Smithers,75,CA,1580354597,59,54.78,-127.17,37.4,6.93
173,Hermanus,0,ZA,1580354598,84,-34.42,19.23,63.0,4.0
174,Pacifica,40,US,1580354599,81,37.61,-122.49,55.99,16.11
175,Kavieng,44,PG,1580354601,79,-2.57,150.8,83.95,14.52
176,Leningradskiy,99,RU,1580354603,95,69.38,178.42,-14.84,11.52
177,Nikolskoye,90,RU,1580354604,92,59.7,30.79,30.2,11.18
178,Tigzirt,0,DZ,1580354605,69,36.89,4.12,59.07,7.49
179,Mulege,0,MX,1580354466,60,26.88,-111.98,64.04,5.73
180,Ulaangom,0,MN,1580354607,41,49.98,92.07,-0.8,1.99
181,Saint-Philippe,17,RE,1580354608,64,-21.36,55.77,75.99,5.82
182,Wakkanai,75,JP,1580354609,92,45.41,141.67,28.4,28.86
183,Bac Lieu,90,VN,1580354611,65,9.29,105.72,81.82,14.76
184,Zaysan,83,KZ,1580354613,91,47.47,84.87,-4.34,0.18
185,Kiama,0,AU,1580354614,54,-34.68,150.87,90.0,12.75
186,Faanui,99,PF,1580354615,72,-16.48,-151.75,82.47,7.4
187,Brae,93,GB,1580354517,93,60.4,-1.35,42.8,1.12
188,Guiren,0,CN,1580354617,52,33.67,118.19,41.22,10.8
189,Thompson,90,CA,1580354601,92,55.74,-97.86,15.8,9.17
190,Chicama,75,PE,1580354619,83,-7.84,-79.15,73.4,8.05
191,Bozeman,90,US,1580354621,80,45.68,-111.04,32.0,5.82
192,Susangerd,0,IR,1580354622,93,31.56,48.18,44.6,2.24
193,Provincia di Mantova,77,IT,1580354623,77,45.17,10.78,44.01,2.24
194,Beringovskiy,83,RU,1580354624,100,63.05,179.32,-3.82,9.64
195,Prescott,1,US,1580354344,69,34.54,-112.47,45.0,13.69
196,Carmelo,100,UY,1580354627,72,-33.99,-58.29,64.4,9.17
197,Manado,40,ID,1580354628,66,1.49,124.85,87.8,6.93
198,Taoudenni,0,ML,1580354629,25,22.68,-3.98,59.34,9.95
199,Canutama,71,BR,1580354631,95,-6.53,-64.38,74.89,1.5
200,Rudnaya Pristan',33,RU,1580354632,53,44.36,135.81,23.59,4.76
201,Sept-Iles,5,CA,1580354633,55,50.2,-66.38,8.01,8.05
202,Sao Geraldo do Araguaia,53,BR,1580354634,92,-6.4,-48.55,73.51,1.16
203,Cabo San Lucas,75,MX,1580354600,59,22.89,-109.91,66.2,4.7
204,Cesena,0,IT,1580354636,75,44.14,12.24,48.99,3.36
205,Si Chiang Mai,40,TH,1580354637,60,17.96,102.59,69.8,6.93
206,Olivehurst,1,US,1580354638,58,39.1,-121.55,57.99,3.36
207,Hervey Bay,40,AU,1580354639,52,-25.3,152.85,91.0,13.87
208,Tskaltubo,100,GE,1580354641,81,42.33,42.6,44.6,8.05
209,Sitka,75,US,1580354642,80,57.05,-135.33,35.6,13.87
210,Los Llanos de Aridane,95,ES,1580354643,42,28.66,-17.92,69.01,6.93
211,Camacupa,100,AO,1580354644,96,-12.02,17.48,62.1,0.34
212,Yanam,20,IN,1580354645,73,16.73,82.22,77.0,4.7
213,Zuwarah,33,LY,1580354646,49,32.93,12.08,57.51,6.93
214,Malakal,45,SS,1580354647,23,9.53,31.66,65.44,6.46
215,Novyy Nekouz,100,RU,1580354648,97,57.9,38.07,29.91,6.76
216,Hong Kong,0,HK,1580354444,25,22.29,114.16,60.8,16.11
217,Askiz,100,RU,1580354651,81,53.13,90.53,-0.4,10.09
218,Landeck,75,AT,1580354652,100,47.13,10.56,37.99,2.24
219,Lorengau,100,PG,1580354653,75,-2.02,147.27,84.15,6.69
220,Kaabong,100,UG,1580354654,77,3.48,34.15,62.64,5.21
221,Zheleznodorozhnyy,90,RU,1580354655,97,55.75,38.0,32.0,11.18
222,Port Hardy,20,CA,1580354656,93,50.7,-127.42,37.4,4.7
223,Wajir,55,KE,1580354658,73,1.75,40.06,77.58,14.52
224,Cidreira,0,BR,1580354518,86,-30.18,-50.21,75.78,15.48
225,Erzin,75,TR,1580354504,100,36.96,36.2,53.01,2.24
226,Kudahuvadhoo,0,MV,1580354466,77,2.67,72.89,80.46,15.32
227,Saldanha,0,ZA,1580354662,77,-33.01,17.94,59.0,3.36
228,Abu Kamal,0,SY,1580354663,75,34.45,40.92,47.52,7.87
229,Albanel,5,CA,1580354664,65,48.88,-72.45,6.8,13.87
230,Kushima,40,JP,1580354665,54,31.46,131.23,55.4,8.05
231,Monster,90,NL,1580354666,87,52.03,4.17,48.0,19.46
232,Carnarvon,90,AU,1580354668,78,-24.87,113.63,77.0,21.92
233,Eilat,0,IL,1580354669,71,29.56,34.95,51.8,9.17
234,Moron,100,AR,1580354670,77,-34.65,-58.62,64.4,9.17
235,Dzhebariki-Khaya,0,RU,1580354671,84,62.22,135.8,-16.49,2.37
236,Margate,40,GB,1580354672,87,51.38,1.39,48.2,12.75
237,Rapid City,40,US,1580354516,74,44.08,-103.23,35.6,4.7
238,Manavalakurichi,20,IN,1580354674,78,8.13,77.3,78.8,5.82
239,Khvoynaya,100,RU,1580354675,95,58.9,34.53,30.31,5.66
240,Fuerstenwalde,75,DE,1580354646,84,52.37,14.07,39.0,13.87
241,Eyl,99,SO,1580354678,75,7.98,49.82,72.43,19.1
242,Praia da Vitoria,40,PT,1580354542,88,38.73,-27.07,62.6,19.8
243,Te Anau,90,NZ,1580354680,78,-45.42,167.72,55.65,12.59
244,Husavik,90,IS,1580354681,92,66.04,-17.34,26.6,6.93
245,Alice Town,27,BS,1580354682,79,25.72,-79.3,75.43,12.77
246,Clyde River,75,CA,1580354683,68,70.47,-68.59,-18.4,5.82
247,Saskylakh,92,RU,1580354684,98,71.92,114.08,-15.14,2.82
248,Lakatoro,75,VU,1580354542,70,-16.1,167.42,84.2,9.17
249,Guerrero Negro,15,MX,1580354686,76,27.98,-114.06,59.31,15.32
250,Aasiaat,0,GL,1580354688,88,68.71,-52.87,-6.88,4.85
251,Gamba,100,GA,1580354689,84,-2.65,10.0,78.75,1.88
252,Arvika,37,SE,1580354690,100,59.66,12.59,36.0,3.36
253,Mount Gambier,0,AU,1580354691,7,-37.83,140.77,104.0,14.99
254,Ponerihouen,0,NC,1580354692,68,-21.08,165.4,78.46,14.07
255,Santa Luzia,100,BR,1580354532,83,-19.77,-43.85,73.4,0.67
256,Coyhaique,90,CL,1580354526,54,-45.58,-72.07,53.6,10.29
257,Nemuro,90,JP,1580354549,95,43.32,145.57,33.8,23.04
258,Trairi,66,BR,1580354697,90,-3.28,-39.27,75.04,1.92
259,Nishihara,40,JP,1580354698,48,26.18,127.76,60.8,27.51
260,Kimbe,100,PG,1580354699,93,-5.55,150.14,76.64,5.57
261,Sola,100,VU,1580354700,78,-13.88,167.55,82.35,15.68
262,Agadir,93,MA,1580354701,61,30.42,-9.6,48.2,8.05
263,Olafsvik,65,IS,1580354702,80,64.89,-23.71,33.75,21.25
264,Dudinka,75,RU,1580354703,75,69.41,86.18,-16.6,6.71
265,Chifeng,83,CN,1580354704,50,42.27,118.96,19.62,0.69
266,Opuwo,32,NA,1580354706,49,-18.06,13.84,68.86,4.07
267,Togur,74,RU,1580354707,97,58.36,82.83,-19.86,6.06
268,Dingle,100,PH,1580354708,65,11.0,122.67,82.99,8.1
269,Torbay,90,CA,1580354709,100,47.67,-52.73,30.0,10.29
270,Tucupita,0,VE,1580354710,96,9.06,-62.05,73.51,3.74
271,San Patricio,75,MX,1580354519,69,19.22,-104.7,78.8,4.38
272,Bardiyah,46,LY,1580354712,70,31.76,25.09,56.91,16.31
273,Ossora,100,RU,1580354713,68,59.24,163.07,15.12,6.35
274,Zhengjiatun,0,CN,1580354714,89,43.51,123.51,4.32,9.06
275,Nome,1,US,1580354715,57,64.5,-165.41,-8.0,11.41
276,Roald,72,NO,1580354716,86,62.58,6.13,37.4,12.75
277,Shihezi,100,CN,1580354718,96,44.3,86.03,6.93,2.62
278,Necochea,44,AR,1580354435,95,-38.55,-58.74,48.99,5.37
279,Hambantota,75,LK,1580354720,100,6.12,81.12,73.4,2.24
280,Bereda,100,ES,1580354532,82,43.27,-7.54,60.01,24.16
281,La Ronge,90,CA,1580354722,92,55.1,-105.28,23.0,9.17
282,Sistranda,84,NO,1580354723,74,63.73,8.83,35.01,9.17
283,Chu,65,KZ,1580354724,75,43.6,73.76,16.0,3.0
284,Suamico,90,US,1580354725,92,44.63,-88.04,27.0,3.42
285,Hibbing,90,US,1580354726,79,47.43,-92.94,19.99,3.56
286,Chibuto,0,MZ,1580354727,79,-24.69,33.53,68.22,2.64
287,Muros,75,ES,1580354728,87,42.78,-9.06,61.0,19.46
288,Freeport,1,US,1580354725,58,40.66,-73.58,34.0,9.17
289,Kortkeros,75,RU,1580354731,84,61.81,51.58,1.4,4.47
290,Sandakan,40,MY,1580354732,70,5.84,118.12,86.0,10.29
291,Hamilton,90,US,1580354510,74,39.18,-84.53,34.0,4.7
292,Diego de Almagro,0,CL,1580354734,66,-26.37,-70.05,58.26,0.96
293,Almaznyy,75,RU,1580354735,93,48.04,40.05,39.2,15.66
294,Atbasar,66,KZ,1580354736,89,51.8,68.33,-8.64,5.23
295,Borba,100,BR,1580354737,93,-4.39,-59.59,75.81,1.79
296,Viedma,1,AR,1580354738,43,-40.81,-63.0,55.42,8.63
297,Turka,89,UA,1580354739,72,49.15,23.03,36.0,10.0
298,Sao Jose da Coroa Grande,0,BR,1580354741,74,-8.9,-35.15,81.01,10.2
299,Constitucion,0,CL,1580354742,71,-35.33,-72.42,55.67,3.71
300,Boulder,90,US,1580354743,88,40.08,-105.35,36.0,5.32
301,Karema,100,TZ,1580354744,78,-6.82,30.44,72.3,2.55
302,Terrace,75,CA,1580354484,93,54.52,-128.6,35.6,13.87
303,Quito,75,EC,1580354453,93,-0.23,-78.52,55.4,4.7
304,Port Charlotte,75,US,1580354747,100,26.98,-82.09,64.4,4.7
305,Fairbanks,90,US,1580354702,82,64.84,-147.72,-9.99,5.68
306,Salzgitter,20,DE,1580354749,75,52.15,10.33,43.0,16.11
307,Mabaruma,60,GY,1580354750,98,8.2,-59.78,72.09,0.96
308,College,90,US,1580354752,82,64.86,-147.8,-9.4,4.47
309,San Ignacio,40,BZ,1580354753,94,17.16,-89.07,75.99,2.82
310,Heihe,0,CN,1580354754,59,50.24,127.49,1.4,2.21
311,Koungou,75,YT,1580354755,88,-12.73,45.2,82.4,8.05
312,Kichmengskiy Gorodok,87,RU,1580354756,97,59.98,45.79,3.42,4.18
313,Aklavik,90,CA,1580354540,68,68.22,-135.01,-20.2,8.05
314,Luba,25,GQ,1580354758,78,3.46,8.55,73.4,3.36
315,Pontes e Lacerda,50,BR,1580354759,87,-15.23,-59.34,73.47,3.15
316,Port Lincoln,0,AU,1580354760,16,-34.73,135.87,98.35,16.02
317,Grand Bank,100,CA,1580354761,89,47.1,-55.77,26.92,14.03
318,Naze,75,JP,1580354763,48,28.37,129.48,60.8,17.22
319,Ayan,0,RU,1580354764,70,56.45,138.17,7.83,2.26
320,Niono,0,ML,1580354765,11,14.25,-5.99,69.51,9.89
321,Dunedin,78,NZ,1580354766,67,-45.87,170.5,66.0,14.0
322,Mana,19,GF,1580354535,95,5.66,-53.78,73.49,2.77
323,Korla,0,CN,1580354768,84,41.76,86.15,30.0,1.48
324,Caucaia,40,BR,1580354749,78,-3.74,-38.65,82.99,6.93
325,Provideniya,0,RU,1580354770,63,64.38,-173.3,-5.8,4.47
326,Jalu,0,LY,1580354771,49,29.03,21.55,54.57,7.29
327,Kanniyakumari,100,IN,1580354772,77,8.08,77.57,77.68,16.17
328,Lagoa,100,PT,1580354774,87,39.05,-27.98,62.76,16.75
329,Puerto Narino,40,CO,1580354775,100,-3.77,-70.38,78.8,0.2
330,Naushki,100,RU,1580354776,91,50.38,106.11,7.09,2.86
331,Bethel,1,US,1580354777,58,41.37,-73.41,32.0,5.82
332,Kamenka,100,RU,1580354778,98,51.32,42.77,35.01,5.99
333,Omboue,98,GA,1580354779,94,-1.57,9.26,75.43,2.42
334,Borovoy,90,RU,1580354780,83,55.43,86.08,-11.2,4.47
335,Varhaug,75,NO,1580354781,93,58.61,5.65,39.0,8.05
336,Pinega,40,RU,1580354782,98,64.7,43.39,-11.18,4.54
337,Ljubinje,40,BA,1580354784,85,42.95,18.09,44.6,1.12
338,Atar,100,MR,1580354785,19,20.52,-13.05,69.35,13.47
339,Aksha,49,RU,1580354786,94,50.28,113.29,0.7,2.01
340,Batticaloa,2,LK,1580354787,77,7.71,81.69,75.79,2.51
341,Magadan,0,RU,1580354788,72,59.57,150.8,-2.0,2.57
342,Mayo,1,US,1580354789,64,38.89,-76.51,36.0,9.89
343,Palu,72,ID,1580354790,43,-0.89,119.87,85.66,3.47
344,Lavrentiya,0,RU,1580354791,71,65.58,-171.0,-13.0,11.21
345,Mandalgovi,0,MN,1580354793,82,45.76,106.27,9.37,3.98
346,Channel-Port aux Basques,100,CA,1580354794,94,47.57,-59.14,23.85,5.57
347,Byron Bay,75,AU,1580354795,74,-28.65,153.62,90.0,8.05
348,Arraial do Cabo,71,BR,1580354796,87,-22.97,-42.03,78.76,15.99
349,Broome,1,US,1580354797,78,42.25,-75.83,19.0,6.93
350,Vilhena,100,BR,1580354525,88,-12.74,-60.15,72.25,2.62
351,Verkhnyaya Khava,90,RU,1580354799,100,51.84,39.94,37.4,13.42
352,Policoro,5,IT,1580354800,93,40.21,16.67,51.01,9.17
353,Sumter,75,US,1580354801,100,28.71,-82.08,60.01,1.23
354,Salinopolis,100,BR,1580354803,79,-0.61,-47.36,82.36,16.11
355,Lethem,68,GY,1580354804,60,3.38,-59.8,83.03,11.34
356,Ovalle,0,CL,1580354805,78,-30.6,-71.2,58.28,1.23
357,Abu Samrah,18,SY,1580354806,87,35.3,37.18,47.01,6.62
358,Urumqi,75,CN,1580354807,92,43.8,87.6,8.6,2.24
359,Alamosa,90,US,1580354794,73,37.47,-105.87,24.8,4.7
360,Wamba,51,NG,1580354809,14,8.93,8.6,67.89,3.8
361,Qasigiannguit,18,GL,1580354810,64,68.82,-51.19,-2.2,4.7
362,Van,75,TR,1580354812,86,38.49,43.38,26.6,2.24
363,Sault Ste. Marie,90,CA,1580354814,85,46.52,-84.33,21.2,3.36
364,Athabasca,100,CA,1580354815,90,54.72,-113.29,30.11,9.06
365,Indramayu,100,ID,1580354816,68,-6.33,108.32,84.94,2.1
366,Safakulevo,6,RU,1580354817,90,54.99,62.54,-3.3,8.77
367,Tabuk,4,PH,1580354818,73,17.42,121.44,73.89,8.77
368,OErnskoeldsvik,100,SE,1580354819,100,63.29,18.72,32.0,5.82
369,San Cristobal,40,VE,1580354820,78,7.77,-72.22,78.8,2.24
370,Sainte-Suzanne,90,RE,1580354821,73,-20.91,55.61,75.99,5.82
371,Huarmey,100,PE,1580354823,72,-10.07,-78.15,72.81,2.57
372,Bani Walid,32,LY,1580354824,50,31.76,13.99,52.41,6.33
373,Mugur-Aksy,0,RU,1580354825,80,50.35,90.5,-15.52,5.77
374,Maibong,38,IN,1580354826,59,25.3,93.17,64.47,1.45
375,Iwaki,75,JP,1580354827,50,37.05,140.88,59.0,4.7
376,Edson,90,CA,1580354828,55,53.58,-116.44,39.2,23.04
377,Boddam,20,GB,1580354829,86,57.47,-1.78,42.01,2.24
378,Palmas Bellas,20,PA,1580354830,88,9.23,-80.09,80.6,3.36
379,Abnub,0,EG,1580354831,70,27.27,31.15,46.4,9.17
380,Nanortalik,0,GL,1580354832,48,60.14,-45.24,22.08,25.99
381,Manhattan,1,US,1580354611,43,40.78,-73.97,35.01,6.49
382,Harindanga,90,IN,1580354835,93,22.04,88.32,66.2,4.7
383,Payson,40,US,1580354836,74,40.04,-111.73,35.6,9.17
384,Nabire,26,ID,1580354837,50,-3.37,135.48,90.39,5.97
385,Agua Prieta,5,MX,1580354706,45,31.3,-109.57,46.99,8.01
386,Marawi,74,PH,1580354839,83,8.0,124.29,82.0,3.0
387,Mossamedes,100,AO,1580354840,79,-15.2,12.15,75.61,5.41
388,Tazovsky,98,RU,1580354841,96,67.47,78.7,-11.79,11.12
389,Morgan City,90,US,1580354842,100,29.7,-91.21,55.0,8.05
390,Philadelphia,1,US,1580354743,47,39.95,-75.16,33.8,9.17
391,Paulo Ramos,100,BR,1580354844,98,-4.22,-45.18,74.89,3.4
392,Geraldton,75,AU,1580354845,41,-28.77,114.6,75.2,20.8
393,Paamiut,0,GL,1580354847,50,61.99,-49.67,7.21,8.08
394,Emba,100,KZ,1580354848,94,48.83,58.14,15.06,9.84
395,Nantucket,1,US,1580354849,55,41.28,-70.1,34.0,10.29
396,Padang,100,ID,1580354850,55,-0.95,100.35,80.51,2.46
397,Oranjestad,20,AW,1580354728,83,12.52,-70.03,78.8,11.41
398,Mayor Pablo Lagerenza,26,PY,1580354873,62,-19.93,-60.77,82.9,9.6
399,Cape Canaveral,75,US,1580354874,93,28.41,-80.6,64.99,6.82
400,Casas Grandes,0,MX,1580354875,41,30.37,-107.95,49.41,13.98
401,Aguimes,100,ES,1580354876,39,27.91,-15.45,71.01,5.82
402,Cheney,90,US,1580354830,100,47.49,-117.58,41.0,13.87
403,Grand Gaube,40,MU,1580354878,94,-20.01,57.66,73.99,4.7
404,Sinnamary,0,GF,1580354880,82,5.38,-52.95,79.72,17.6
405,Bonavista,100,CA,1580354881,86,48.65,-53.11,30.0,1.99
406,Mayumba,100,GA,1580354882,77,-3.43,10.66,82.33,4.97
407,Walvis Bay,33,NA,1580354691,87,-22.96,14.51,63.0,8.05
408,Abha,5,SA,1580354884,93,18.22,42.51,50.0,1.57
409,Sovetskiy,0,RU,1580354885,98,61.36,63.58,-14.4,4.7
410,Ribeira Brava,20,PT,1580354886,72,32.65,-17.07,59.0,4.7
411,Sao Gotardo,100,BR,1580354887,100,-19.31,-46.05,68.0,4.12
412,Warmbad,0,NA,1580354888,22,-28.45,18.73,69.3,4.85
413,Lagos,15,NG,1580354875,94,6.58,3.75,75.2,4.76
414,Kangaatsiaq,0,GL,1580354891,91,68.31,-53.46,-0.72,7.05
415,Tura,5,IN,1580354892,51,25.52,90.22,69.62,2.1
416,Rawson,24,AR,1580354893,65,-43.3,-65.1,59.13,24.29
417,Methoni,40,GR,1580354894,93,36.82,21.7,54.0,19.73
418,Kamloops,20,CA,1580354895,69,50.67,-120.32,39.2,3.36
419,Biloela,100,AU,1580354896,31,-24.42,150.5,91.94,8.7
420,Kloulklubed,75,PW,1580354897,94,7.04,134.26,78.8,4.7
421,Kawalu,100,ID,1580354898,68,-7.38,108.21,81.57,2.73
422,Acapulco de Juarez,75,MX,1580354796,74,16.86,-99.89,78.8,6.93
423,Beloha,100,MG,1580354900,78,-25.17,45.05,69.94,8.52
424,Okha,0,RU,1580354902,91,53.57,142.95,0.37,8.32
425,Ca Mau,71,VN,1580354903,55,9.18,105.15,85.87,12.59
426,Berlevag,100,NO,1580354904,64,70.86,29.09,23.22,27.85
427,Thinadhoo,11,MV,1580354905,78,0.53,72.93,80.8,15.77
428,Pemberton,15,CA,1580354906,90,50.32,-122.8,20.77,3.58
429,Jizan,75,SA,1580354907,83,17.33,42.67,75.2,4.7
430,Neiafu,75,TO,1580354908,83,-18.65,-173.98,84.2,8.05
431,Baoying,0,CN,1580354909,50,33.23,119.31,38.93,12.93
432,Samarai,100,PG,1580354910,78,-10.62,150.67,84.11,6.85
433,Umm Kaddadah,0,SD,1580354912,16,13.6,26.69,55.56,13.82
434,Coquimbo,0,CL,1580354913,88,-29.95,-71.34,62.6,6.93
435,Ust'-Omchug,28,RU,1580354914,85,61.15,149.63,-22.07,4.0
436,Kumul,0,CN,1580354915,78,42.8,93.45,9.97,2.53
437,Wheeling,90,US,1580354734,87,42.14,-87.93,32.0,1.43
438,Barentu,0,ER,1580354917,83,15.11,37.59,55.06,1.74
439,Pemba,75,MZ,1580354918,83,-12.97,40.52,77.0,4.7
440,Bilibino,98,RU,1580354919,100,68.05,166.44,-30.44,1.9
441,Guanare,0,VE,1580354920,61,9.04,-69.74,76.91,3.06
442,Mnogovershinnyy,0,RU,1580354922,71,53.94,139.92,6.4,2.28
443,Rocha,100,UY,1580354923,91,-34.48,-54.33,65.88,11.12
444,Luxor,12,EG,1580354924,76,25.7,32.64,48.2,6.35
445,Tonekabon,20,IR,1580354925,93,36.82,50.87,41.0,2.17
446,Ubari,0,LY,1580354926,26,26.59,12.78,58.55,7.31
447,Sibolga,100,ID,1580354927,64,1.74,98.78,84.0,1.52
448,Porto-Novo,40,BJ,1580354928,94,6.5,2.6,78.8,6.93
449,Rapid Valley,40,US,1580354929,74,44.06,-103.15,35.6,4.7
450,Arklow,75,IE,1580354930,81,52.79,-6.14,46.0,16.11
451,Aksu,0,CN,1580354643,68,41.12,80.26,24.39,3.67
452,Quatre Cocos,40,MU,1580354933,94,-20.21,57.76,73.99,4.7
453,Karratha,0,AU,1580354934,48,-20.74,116.85,90.91,15.7
454,Kalmunai,21,LK,1580354935,70,7.42,81.82,79.59,10.09
455,Avera,90,US,1580354936,81,33.19,-82.53,48.2,4.7
456,Daru,100,PG,1580354937,61,-9.08,143.21,92.39,1.21
457,Campbellton,0,CA,1580354818,86,48.01,-66.67,0.86,7.2
458,Timmins,40,CA,1580354801,83,48.47,-81.33,-5.8,3.69
459,Makakilo City,1,US,1580354940,48,21.35,-158.09,82.4,5.82
460,Gusau,8,NG,1580354941,11,12.16,6.66,63.79,12.06
461,Araguaina,22,BR,1580354943,87,-7.19,-48.21,75.43,1.61
462,Murgab,100,TM,1580354765,69,37.5,61.97,39.2,11.41
463,Melfort,90,CA,1580354945,100,52.87,-104.62,23.0,14.99
464,Verkhnyaya Inta,94,RU,1580354946,98,65.98,60.31,-14.71,3.6
465,Kurkino,100,RU,1580354947,98,53.43,38.66,33.58,9.86
466,Presidencia Roque Saenz Pena,100,AR,1580354948,91,-26.79,-60.44,71.58,3.62
467,Oodweyne,78,SO,1580354706,45,9.41,45.06,59.56,1.57
468,Port Hueneme,1,US,1580354951,51,34.15,-119.2,66.2,5.82
469,Sena Madureira,39,BR,1580354952,95,-9.07,-68.66,71.42,1.48
470,Auki,100,SB,1580354953,69,-8.77,160.7,85.03,4.41
471,Laurel,1,US,1580354954,74,39.1,-76.85,35.01,5.32
472,Washougal,90,US,1580354955,87,45.58,-122.35,48.2,1.19
473,Yamada,56,JP,1580354956,75,39.47,141.95,44.2,5.32
474,Chapais,1,CA,1580354957,76,49.78,-74.85,-11.2,1.25
475,Buin,0,CL,1580354958,45,-33.73,-70.75,68.0,10.29
476,Yangi Marg`ilon,0,UZ,1580354959,79,40.43,71.72,28.4,4.7
477,Fare,97,PF,1580354960,70,-16.7,-151.02,82.54,5.21
478,Aracati,8,BR,1580354962,90,-4.56,-37.77,76.78,4.34
479,Cozumel,90,MX,1580354846,94,20.51,-86.95,75.2,4.7
480,Wahiawa,1,US,1580354964,69,21.5,-158.02,82.4,10.29
481,Tamiahua,21,MX,1580354965,59,21.27,-97.45,68.23,6.6
482,Banes,75,CU,1580354966,88,20.96,-75.72,71.6,2.24
483,Khash,0,IR,1580354967,45,28.22,61.22,39.56,4.81
484,Batagay-Alyta,100,RU,1580354968,80,67.8,130.41,-6.61,5.12
485,Pacific Grove,1,US,1580354969,81,36.62,-121.92,54.0,6.93
486,Vila,90,PT,1580354970,93,42.03,-8.16,61.0,13.87
487,Polunochnoye,100,RU,1580354972,97,60.87,60.42,-7.82,3.53
488,Conde,20,BR,1580354973,88,-7.26,-34.91,77.0,4.7
489,Jardim,32,BR,1580354974,84,-21.48,-56.14,75.79,7.83
490,Xichang,100,CN,1580354975,81,27.9,102.26,33.46,2.48
491,Yablonovo,75,RU,1580354976,88,50.85,37.36,33.8,17.9
492,Keroka,100,KE,1580354977,98,-0.78,34.95,56.16,1.77
493,Haines Junction,87,CA,1580354978,91,60.75,-137.51,14.56,18.23
494,Ketchikan,90,US,1580354979,93,55.34,-131.65,37.4,16.11
495,San Jose de Ocoa,6,DO,1580354981,91,18.55,-70.5,64.08,2.35
496,Las Vegas,1,US,1580354763,30,36.17,-115.14,57.2,10.29
497,Beipiao,11,CN,1580354983,62,41.79,120.78,15.6,13.8
498,Sioux Lookout,90,CA,1580354984,85,50.1,-91.92,17.6,2.24
499,Bathsheba,75,BB,1580354985,78,13.22,-59.52,78.8,12.75
500,Usinsk,95,RU,1580354986,98,65.99,57.53,-15.88,5.28
501,Homer,90,US,1580354987,92,59.64,-151.55,21.0,21.92
502,Ayagoz,87,KZ,1580354988,88,47.97,80.44,-2.45,10.04
503,Ballina,75,AU,1580354989,74,-28.87,153.57,89.01,8.05
504,Koster,0,ZA,1580354990,48,-25.86,26.9,60.84,5.32
505,Mehamn,100,NO,1580354992,83,71.04,27.85,14.25,23.38
506,Alakurtti,100,RU,1580354993,87,66.97,30.35,10.99,3.0
507,Gao,0,ML,1580354994,9,16.64,1.64,73.24,9.69
508,North Tonawanda,1,US,1580354890,92,43.04,-78.86,21.99,1.97
509,Adrar,100,MR,1580354996,18,20.5,-10.07,66.4,11.79
510,Joao Pinheiro,100,BR,1580354997,88,-17.74,-46.17,70.61,0.87
511,Loralai,0,PK,1580354998,43,30.37,68.6,30.87,2.57
512,Skibbereen,75,IE,1580354999,100,51.55,-9.27,46.4,9.17
513,Belmonte,0,BR,1580355000,83,-15.86,-38.88,78.8,6.93
514,Berdigestyakh,100,RU,1580355001,92,62.1,126.7,-6.23,7.83
515,Laas,31,IT,1580355003,92,46.62,10.7,33.01,2.24
516,Aldan,10,RU,1580355005,71,58.6,125.39,10.99,13.24
517,Jhudo,0,PK,1580355006,42,24.96,69.3,58.05,2.68
518,Syamzha,100,RU,1580355007,97,60.02,41.06,8.24,4.63
519,Bilma,26,NE,1580355008,13,18.69,12.92,62.83,8.88
520,Anadyr,20,RU,1580355009,83,64.75,177.48,-11.0,1.83
521,Nyrob,100,RU,1580355010,96,60.73,56.72,2.26,5.28
522,Casian,94,PH,1580355011,66,11.04,119.71,82.26,8.93
523,Araouane,0,ML,1580355013,21,18.9,-3.53,67.35,13.51
524,Trinidad,100,BO,1580355014,97,-14.83,-64.9,74.14,6.49
525,Sam Roi Yot,20,TH,1580355015,58,12.27,99.87,84.2,4.7
526,Paita,62,PE,1580355016,63,-5.09,-81.11,78.3,6.58
527,Kiunga,90,PG,1580355017,36,-6.12,141.29,97.72,2.89
528,Salamanca,90,ES,1580355018,93,40.83,-6.0,48.0,6.93
529,Satun,40,TH,1580355019,62,6.83,100.0,86.0,6.93
530,Antofagasta,79,CL,1580355020,77,-23.65,-70.4,72.0,14.99
531,Gilgit,99,PK,1580355021,77,35.92,74.31,6.26,3.42
532,Wau,82,SS,1580355022,16,7.7,28.0,64.13,6.02
533,Alugan,100,PH,1580355023,72,12.22,125.48,81.32,6.53
534,Noyabrsk,90,RU,1580355025,97,63.2,75.45,-14.31,11.65
535,Marzuq,0,YE,1580355026,70,14.4,46.47,53.8,1.25
536,Fort Nelson,40,CA,1580355022,84,58.81,-122.7,1.4,0.27
537,Derbent,100,RU,1580355028,77,42.07,48.29,45.63,11.18
538,Pandan,86,PH,1580355029,70,14.05,124.17,79.48,10.65
539,Emirdag,100,TR,1580355030,94,39.02,31.15,36.72,8.19
540,Yenagoa,14,NG,1580355031,95,4.92,6.26,74.97,1.28
541,Raudeberg,0,NO,1580355032,93,61.99,5.14,37.99,9.17
542,Ostrovnoy,0,RU,1580355033,95,68.05,39.51,0.66,7.36
543,Vanimo,100,PG,1580355034,75,-2.67,141.3,83.34,13.0
544,Bara,0,NG,1580355036,16,10.37,10.73,59.77,6.58
545,Buncrana,100,IE,1580355037,94,55.13,-7.45,42.71,7.45
546,Port Macquarie,2,AU,1580355038,62,-31.43,152.92,88.0,12.75
547,Phek,41,IN,1580355039,74,25.67,94.5,55.8,0.18
548,Mount Isa,95,AU,1580355040,66,-20.73,139.5,86.0,12.75
549,Alice Springs,75,AU,1580355041,66,-23.7,133.88,84.2,16.11
550,Cerrito,40,CO,1580355042,100,6.84,-72.69,68.0,2.24
551,Chengzhong,0,CN,1580355043,66,30.95,113.55,48.2,2.24
552,Kirkwood,90,US,1580355044,94,38.58,-90.41,33.01,3.36
553,Tambun,20,ID,1580355046,62,-6.26,107.07,84.2,3.36
554,Butembo,80,CD,1580355047,77,0.15,29.28,62.44,3.47
555,Maceio,20,BR,1580355048,88,-9.67,-35.74,75.2,3.36
556,Kidal,20,ML,1580355050,13,18.44,1.41,69.49,8.37
557,Kongoussi,3,BF,1580355051,10,13.33,-1.53,69.42,7.94
558,Nacala,100,MZ,1580355052,94,-14.54,40.67,75.13,2.46
559,Karpogory,83,RU,1580355054,98,64.0,44.45,-10.21,3.87
560,Artvin,75,TR,1580355055,57,41.17,41.83,48.2,20.8
561,Baruun-Urt,0,MN,1580355057,85,46.68,113.28,6.73,9.08
562,Pringsewu,100,ID,1580355058,74,-5.36,104.97,79.59,3.18
563,Mantenopolis,94,BR,1580355059,96,-18.86,-41.12,69.98,4.32
